Move,Id,A,S,Page,Title,Cue,Entrances,Exits,OnStage,Note1,Note2,Note3 
1,1.1,1,PR,1,Tevye On,Lights Up,Tevye (Patrick McCarty),,Tevye (Patrick McCarty),,,
2,1.4,1,PR,1,Tevye Off,"Singing ""Tradition"" starts",Hanging Mics (Hanging Mics),Tevye (Patrick McCarty),Hanging Mics (Hanging Mics),,,
3,2.10,1,PR,2,Tevye On,Dialogue break in song,Tevye (Patrick McCarty),Hanging Mics (Hanging Mics),Tevye (Patrick McCarty),,,
4,2.11,1,PR,2,"Yente, Avram ON","Tevye: ""Yente, the matchmaker""","Avram (Mel Bucklin), Yente (Lucy Spencer)",,"Tevye (Patrick McCarty), Avram (Mel Bucklin), Yente (Lucy Spencer)",,,
5,3.5,1,PR,3,"Yen, Av OFF Laz, Beg ON","Yente ""...a perfect match""","Lazar Wolf (Jim O'Mara), Reb Nachum (Rich Sparks)","Avram (Mel Bucklin), Yente (Lucy Spencer)","Tevye (Patrick McCarty), Lazar Wolf (Jim O'Mara), Reb Nachum (Rich Sparks)",,,
6,3.11,1,PR,3,"Beg, Laz OFF Mend, Rab ON","""Why should I suffer?""","Mendel (Gabe Garcia), Rabbi (Russell Arrowsmith)","Lazar Wolf (Jim O'Mara), Reb Nachum (Rich Sparks)","Tevye (Patrick McCarty), Mendel (Gabe Garcia), Rabbi (Russell Arrowsmith)",,,
7,3.17,1,PR,3,"Tev, Mend, Rab OFF","""...far away from us!""",,"Tevye (Patrick McCarty), Mendel (Gabe Garcia), Rabbi (Russell Arrowsmith)",,,,
8,3.17A,1,PR,3,"Tevye, Hanging mics ON",End of short dance break,"Tevye (Patrick McCarty), Hanging Mics (Hanging Mics)",,"Tevye (Patrick McCarty), Hanging Mics (Hanging Mics)",,,
9,4.7,1, 1,4,Tevye OFF,"""...as a fiddler on the roof!""",,"Tevye (Patrick McCarty), Hanging Mics (Hanging Mics)",,,,
10,4.8,1, 1,4,"Shp, Biel, Tz, Hod, Gol ON",A1 S1 Lights up,"Tzeitel (Lauren Busa), Hodel (Katie Giannokopoulos), Golde (Karin Harvey-Olsen), Bielke (Emma Melanson), Shprintze (Hadley Harris)",,"Tzeitel (Lauren Busa), Hodel (Katie Giannokopoulos), Golde (Karin Harvey-Olsen), Bielke (Emma Melanson), Shprintze (Hadley Harris)",,,
11,5.5,1, 1,5,Chava ON,"""..some more potatoes.""",Chava (Lindsey Murch),,"Tzeitel (Lauren Busa), Hodel (Katie Giannokopoulos), Golde (Karin Harvey-Olsen), Bielke (Emma Melanson), Shprintze (Hadley Harris), Chava (Lindsey Murch)",,,
12,5.7,1, 1,5,Chava OFF,"""...better husband? Here.""",,Chava (Lindsey Murch),"Tzeitel (Lauren Busa), Hodel (Katie Giannokopoulos), Golde (Karin Harvey-Olsen), Bielke (Emma Melanson), Shprintze (Hadley Harris)",,,
13,6.3,1, 1,6,"Shprintze, Bielke, Hodel OFF","""Go too.""",,"Hodel (Katie Giannokopoulos), Bielke (Emma Melanson), Shprintze (Hadley Harris)","Tzeitel (Lauren Busa), Golde (Karin Harvey-Olsen)",,,
14,6.7,1, 1,6,"Tzeitel OFF, Yente ON","""...the Evil Eye? Inside.""",Yente (Lucy Spencer),Tzeitel (Lauren Busa),"Golde (Karin Harvey-Olsen), Yente (Lucy Spencer)",,,
15,6.8,1, 1,6,Motel ON,"""...better than nothing.""",Motel (William Desharnais),,"Golde (Karin Harvey-Olsen), Motel (William Desharnais), Yente (Lucy Spencer)",,,
16,6.12,1, 1,6,Tzeitel ON,"""Later.""",Tzeitel (Lauren Busa),,"Tzeitel (Lauren Busa), Golde (Karin Harvey-Olsen), Motel (William Desharnais), Yente (Lucy Spencer)",,,
17,7.2,1, 1,7,Tzeitel OFF,"""Finish what you were doing.""",,Tzeitel (Lauren Busa),"Golde (Karin Harvey-Olsen), Motel (William Desharnais), Yente (Lucy Spencer)",,,
18,7.3,1, 1,7,Motel OFF,Motel's Exit,,Motel (William Desharnais),"Golde (Karin Harvey-Olsen), Yente (Lucy Spencer)",,,
19,8.5,1, 1,8,"Yente OFF, Tzeitel ON",Yente's Exit,Tzeitel (Lauren Busa),Yente (Lucy Spencer),"Tzeitel (Lauren Busa), Golde (Karin Harvey-Olsen)",,,
20,8.7,1, 1,8,"Gol OFF, Hod, Chava ON",Golde's exit,"Hodel (Katie Giannokopoulos), Chava (Lindsey Murch)",Golde (Karin Harvey-Olsen),"Tzeitel (Lauren Busa), Hodel (Katie Giannokopoulos), Chava (Lindsey Murch)",,,
21,9.7,1, 1,9,"Bielke, Shprintze ON",Matchmaker starts,"Bielke (Emma Melanson), Shprintze (Hadley Harris)",,"Tzeitel (Lauren Busa), Hodel (Katie Giannokopoulos), Bielke (Emma Melanson), Shprintze (Hadley Harris), Chava (Lindsey Murch)",,,
22,12.1,1, 2,12,Sisters OFF,End of Matchmaker,,"Tzeitel (Lauren Busa), Hodel (Katie Giannokopoulos), Bielke (Emma Melanson), Shprintze (Hadley Harris), Chava (Lindsey Murch)",,,,
23,12.2,1, 2,12,Tevye ON,A1 S2 Lights up,Tevye (Patrick McCarty),,Tevye (Patrick McCarty),,,
24,12.3,1, 2,12,Golde ON,"""...my friend, Tevye?""",Golde (Karin Harvey-Olsen),,"Tevye (Patrick McCarty), Golde (Karin Harvey-Olsen)",,,
25,12.8,1, 2,12,Golde OFF,Golde's exit,,Golde (Karin Harvey-Olsen),Tevye (Patrick McCarty),,,
26,14.1,1, 2,14,"Inn, Mend, Av ON",End of Rich Man,"Mendel (Gabe Garcia), Innkeeper (Steve Kelley), Avram (Mel Bucklin)",,"Tevye (Patrick McCarty), Mendel (Gabe Garcia), Innkeeper (Steve Kelley), Avram (Mel Bucklin)",,,
27,16.2,1, 2,16,Perchik ON,"""Amen.""",Perchik (Duncan McGrath),,"Tevye (Patrick McCarty), Mendel (Gabe Garcia), Perchik (Duncan McGrath), Innkeeper (Steve Kelley), Avram (Mel Bucklin)",,,
28,17.1,1, 2,17,"Av, Inn OFF","Avram: ""Good Sabbath, Tevye.""",,"Innkeeper (Steve Kelley), Avram (Mel Bucklin)","Tevye (Patrick McCarty), Mendel (Gabe Garcia), Perchik (Duncan McGrath)",,,
29,19.5,1, 3,19,"Tev, Men, Per OFF","""...chicken. Good Sabbath.""",,"Tevye (Patrick McCarty), Mendel (Gabe Garcia), Perchik (Duncan McGrath)",,,,
30,19.6,1, 3,19,"Tev, Hod, Tz, Per ON",A1 S3 Lights Up,"Tevye (Patrick McCarty), Tzeitel (Lauren Busa), Hodel (Katie Giannokopoulos), Perchik (Duncan McGrath)",,"Tevye (Patrick McCarty), Tzeitel (Lauren Busa), Hodel (Katie Giannokopoulos), Perchik (Duncan McGrath)",,,
31,20.1,1, 3,20,Golde ON,"""..Motel Kamzoil and he is...""",Golde (Karin Harvey-Olsen),,"Tevye (Patrick McCarty), Tzeitel (Lauren Busa), Hodel (Katie Giannokopoulos), Golde (Karin Harvey-Olsen), Perchik (Duncan McGrath)",,,
32,20.12,1, 3,20,"Per, Hod, Tz OFF","""Chava, you go too.""",,"Tzeitel (Lauren Busa), Hodel (Katie Giannokopoulos), Perchik (Duncan McGrath)","Tevye (Patrick McCarty), Golde (Karin Harvey-Olsen)",,,
33,22.3,1, 3,22,"Tev, Gol OFF, Tz, Mot ON",Tevye and Golde's exit,"Tzeitel (Lauren Busa), Motel (William Desharnais)","Tevye (Patrick McCarty), Golde (Karin Harvey-Olsen)","Tzeitel (Lauren Busa), Motel (William Desharnais)",,,
34,23.4,1, 3,23,Tevye ON,Tevye's Entrance,Tevye (Patrick McCarty),,"Tevye (Patrick McCarty), Tzeitel (Lauren Busa), Motel (William Desharnais)",,,
35,23.10,1, 3,23,"Tzeitel, Motel OFF, Golde ON","""Come children, come.""",Golde (Karin Harvey-Olsen),"Tzeitel (Lauren Busa), Motel (William Desharnais)","Tevye (Patrick McCarty), Golde (Karin Harvey-Olsen)",,,
36,24.5,1, 3,24,"Tevye, Golde OFF",End of Sabbath Prayer,,"Tevye (Patrick McCarty), Golde (Karin Harvey-Olsen)",,,,
37,24.6,1, 3,24,"Mend, Laz, Inn, Av ON",A1 S4 Lights up,"Mendel (Gabe Garcia), Lazar Wolf (Jim O'Mara), Innkeeper (Steve Kelley), Avram (Mel Bucklin)",,"Mendel (Gabe Garcia), Lazar Wolf (Jim O'Mara), Innkeeper (Steve Kelley), Avram (Mel Bucklin)",,,
38,25.8,1, 4,25,"Sasha, Fyedka, Russian ON","""..without you and your fee.""","Fyedka (Luke Crory), Sasha (Ben Erdody), Russian (Crista Burrell)",,"Mendel (Gabe Garcia), Lazar Wolf (Jim O'Mara), Innkeeper (Steve Kelley), Avram (Mel Bucklin), Fyedka (Luke Crory), Sasha (Ben Erdody), Russian (Crista Burrell)",,,
39,25.14,1, 4,25,Tevye ON,Tevye's entrance,Tevye (Patrick McCarty),,"Tevye (Patrick McCarty), Mendel (Gabe Garcia), Lazar Wolf (Jim O'Mara), Innkeeper (Steve Kelley), Avram (Mel Bucklin), Fyedka (Luke Crory), Sasha (Ben Erdody), Russian (Crista Burrell)",,,
40,26.1,1, 4,26,all but Tevye + Lazar OFF,"""...doing here so early?""",,"Mendel (Gabe Garcia), Innkeeper (Steve Kelley), Avram (Mel Bucklin), Fyedka (Luke Crory), Sasha (Ben Erdody), Russian (Crista Burrell)","Tevye (Patrick McCarty), Lazar Wolf (Jim O'Mara)",,,
41,30.12,1, 4,30,"Mendel, Inkeeper ON","""Reb Mordcha.""","Mendel (Gabe Garcia), Innkeeper (Steve Kelley)",,"Tevye (Patrick McCarty), Mendel (Gabe Garcia), Lazar Wolf (Jim O'Mara), Innkeeper (Steve Kelley)",,,
42,31.1,1, 4,31,"Mendel, Inkeeper OFF","""I'm taking myself a bride.""",,"Mendel (Gabe Garcia), Innkeeper (Steve Kelley)","Tevye (Patrick McCarty), Lazar Wolf (Jim O'Mara)",,,
43,31.4,1, 4,31,Hanging Mics On,All say congratulations,Hanging Mics (Hanging Mics),,"Tevye (Patrick McCarty), Lazar Wolf (Jim O'Mara), Hanging Mics (Hanging Mics)",,,
44,31.8,1, 4,31,"Tevye, Lazar OFF","""My wife!""",,"Tevye (Patrick McCarty), Lazar Wolf (Jim O'Mara)",Hanging Mics (Hanging Mics),,,
45,32.1,1, 5,32,Russian (TBD) ON,"""Dai-dai-dai""'s",,,Hanging Mics (Hanging Mics),,,
46,32.3,1, 5,32,"Russian OFF, Tevye ON",End of Russians singing,Tevye (Patrick McCarty),,"Tevye (Patrick McCarty), Hanging Mics (Hanging Mics)",,,
47,32.5,1, 5,32,Tevye OFF,"Final ""To Life!"" as song ends",,"Tevye (Patrick McCarty), Hanging Mics (Hanging Mics)",,,,
48,32.6,1, 5,32,"Tevye, Lazar ON",A1 S5 Lights Up,"Tevye (Patrick McCarty), Lazar Wolf (Jim O'Mara)",,"Tevye (Patrick McCarty), Lazar Wolf (Jim O'Mara)",,,
49,32.8,1, 5,32,"Con, Fyed ON, Laz OFF","""...younger than myself""","Fyedka (Luke Crory), Constable (Jon Noble)",Lazar Wolf (Jim O'Mara),"Tevye (Patrick McCarty), Fyedka (Luke Crory), Constable (Jon Noble)",,,
50,33.2,1, 5,33,Fyedka OFF,"""...his oldest daughter.""",,Fyedka (Luke Crory),"Tevye (Patrick McCarty), Constable (Jon Noble)",,,
51,34.1A,1, 6,34,Constable OFF,"""..your honor. Goodbye.""",,Constable (Jon Noble),Tevye (Patrick McCarty),,,
52,34.1B,1, 6,34,Tevye OFF,"""...my Tzeitel. L'chaim.""",,Tevye (Patrick McCarty),,,,
53,34.2,1, 6,34,"Per, Shpr, Biel ON",A1 S6 Lights Up,"Perchik (Duncan McGrath), Bielke (Emma Melanson), Shprintze (Hadley Harris)",,"Perchik (Duncan McGrath), Bielke (Emma Melanson), Shprintze (Hadley Harris)",,,
54,34.7,1, 6,34,"Golde, Hodel ON","""Good, now...""","Hodel (Katie Giannokopoulos), Golde (Karin Harvey-Olsen)",,"Hodel (Katie Giannokopoulos), Golde (Karin Harvey-Olsen), Perchik (Duncan McGrath), Bielke (Emma Melanson), Shprintze (Hadley Harris)",,,
55,35.3,1, 6,35,"Gol, Shpr, Biel OFF","""...and clean the barn.""",,"Golde (Karin Harvey-Olsen), Bielke (Emma Melanson), Shprintze (Hadley Harris)","Hodel (Katie Giannokopoulos), Perchik (Duncan McGrath)",,,
56,36.13,1, 6,36,Tevye ON,"Perchik: ""Good day!""",Tevye (Patrick McCarty),,"Tevye (Patrick McCarty), Hodel (Katie Giannokopoulos), Perchik (Duncan McGrath)",,,
57,37.5,1, 6,37,Hodel OFF,"""Call her out.""",,Hodel (Katie Giannokopoulos),"Tevye (Patrick McCarty), Perchik (Duncan McGrath)",,,
58,37.6,1, 6,37,Golde ON,Golde's entrance,Golde (Karin Harvey-Olsen),,"Tevye (Patrick McCarty), Golde (Karin Harvey-Olsen), Perchik (Duncan McGrath)",,,
59,37.9,1, 6,37,"Golde, Hodel, Chava ON","""You can die from such a man!""","Tzeitel (Lauren Busa), Hodel (Katie Giannokopoulos), Chava (Lindsey Murch)",,"Tevye (Patrick McCarty), Tzeitel (Lauren Busa), Hodel (Katie Giannokopoulos), Golde (Karin Harvey-Olsen), Perchik (Duncan McGrath), Chava (Lindsey Murch)",,,
60,38.5,1, 6,38,Gold OFF,"""My Tzeitel, a bride!""",,Golde (Karin Harvey-Olsen),"Tevye (Patrick McCarty), Tzeitel (Lauren Busa), Hodel (Katie Giannokopoulos), Perchik (Duncan McGrath), Chava (Lindsey Murch)",,,
61,38.6,1, 6,38,"Hodel, Chava OFF","""Mazeltov, Tzeitel.""",,"Hodel (Katie Giannokopoulos), Chava (Lindsey Murch)","Tevye (Patrick McCarty), Tzeitel (Lauren Busa), Perchik (Duncan McGrath)",,,
62,39.1,1, 6,39,Perchik OFF,"""I see. I see very well.""",,Perchik (Duncan McGrath),"Tevye (Patrick McCarty), Tzeitel (Lauren Busa)",,,
63,39.14,1, 6,39,Motel ON,"""..after all our hard work.""",Motel (William Desharnais),,"Tevye (Patrick McCarty), Tzeitel (Lauren Busa), Motel (William Desharnais)",,,
64,44.1,1, 6,44,Tevye OFF,"""Help!""",,Tevye (Patrick McCarty),"Tzeitel (Lauren Busa), Motel (William Desharnais)",,,
65,44.3,1, 6,44,Tzeitel OFF,Start of Miracle or Miracles,,Tzeitel (Lauren Busa),Motel (William Desharnais),,,
66,45.1,1, 7,45,Motel OFF,End of Miracle of Miracles,,Motel (William Desharnais),,,,
67,45.2,1, 7,45,"Tevye, Golde ON",A1 S7 Lights Up,"Tevye (Patrick McCarty), Golde (Karin Harvey-Olsen)",,"Tevye (Patrick McCarty), Golde (Karin Harvey-Olsen)",,,
68,46.10,1, 7,46,"Grandma, Rabbi ON","""She said to me...""","Rabbi (Russell Arrowsmith), Grandma Tzeitel (Patty Helbig)",,"Tevye (Patrick McCarty), Golde (Karin Harvey-Olsen), Rabbi (Russell Arrowsmith), Grandma Tzeitel (Patty Helbig)",,,
69,47.11,1, 7,47,Rabbi OFF,"""She must've heard wrong.""",,Rabbi (Russell Arrowsmith),"Tevye (Patrick McCarty), Golde (Karin Harvey-Olsen), Grandma Tzeitel (Patty Helbig)",,,
70,48.9,1, 7,48,"Gol, Gma OFF Hanging mics ON","""That's your headache too.""",Hanging Mics (Hanging Mics),"Golde (Karin Harvey-Olsen), Grandma Tzeitel (Patty Helbig)","Tevye (Patrick McCarty), Hanging Mics (Hanging Mics)",,,
71,49.5,1, 7,49,"Fruma ON, Hang mics OFF",Fruma Sarah's Entrance,Fruma Sarah (Laura Majore),Hanging Mics (Hanging Mics),"Tevye (Patrick McCarty), Fruma Sarah (Laura Majore)",,,
72,51.6,1, 7,51,"Fruma OFF, Golde ON",End of Fruma's last solo,Golde (Karin Harvey-Olsen),Fruma Sarah (Laura Majore),"Tevye (Patrick McCarty), Golde (Karin Harvey-Olsen)",,,
73,52.7,1, 8,52,"Tevye, Golde OFF",End of song,,"Tevye (Patrick McCarty), Golde (Karin Harvey-Olsen)",,,,
74,52.12,1, 8,52,"Mend, Deb, Libby ON",A1 Sc8 Lights up,"Mendel (Gabe Garcia), Deb (Deb Curran), Libby (Libby St. Jean)",,"Mendel (Gabe Garcia), Deb (Deb Curran), Libby (Libby St. Jean)",,,
75,53.3,1, 8,53,"Mend, Lib, Deb OFF, Av, Inn ON","All say ""Mazeltov""","Innkeeper (Steve Kelley), Avram (Mel Bucklin)","Mendel (Gabe Garcia), Deb (Deb Curran), Libby (Libby St. Jean)","Innkeeper (Steve Kelley), Avram (Mel Bucklin)",,,
76,53.9,1, 8,53,"Inn, Av OFF, Patti, Sha ON","Inkeeper: ""Mazeltov, Motel""","Patti (Patti O'Mara), Shaindel (Karen Hammes)","Innkeeper (Steve Kelley), Avram (Mel Bucklin)","Patti (Patti O'Mara), Shaindel (Karen Hammes)",,,
77,53.13,1, 8,53,"Women OFF, Mot, Yus ON","""Excuse me Shaindel, Mazeltov""","Motel (William Desharnais), Yussel (Ally LaManna)","Patti (Patti O'Mara), Shaindel (Karen Hammes)","Motel (William Desharnais), Yussel (Ally LaManna)",,,
78,54.5,1, 8,54,Chava ON,"""I'll be back soon""",Chava (Lindsey Murch),,"Motel (William Desharnais), Chava (Lindsey Murch), Yussel (Ally LaManna)",,,
79,54.8,1, 8,54,"Motel, Yussel OFF","""Come Motel, I'll show you.""",,"Motel (William Desharnais), Yussel (Ally LaManna)",Chava (Lindsey Murch),,,
80,54.10,1, 8,54,"Fyedka, Sasha, Russian ON",Russians entrance,"Fyedka (Luke Crory), Sasha (Ben Erdody), Russian (Crista Burrell)",,"Chava (Lindsey Murch), Fyedka (Luke Crory), Sasha (Ben Erdody), Russian (Crista Burrell)",,,
81,55.5,1, 8,55,"Russian, Sasha OFF","""I said goodbye!""",,"Sasha (Ben Erdody), Russian (Crista Burrell)","Chava (Lindsey Murch), Fyedka (Luke Crory)",,,
82,56.5,1, 8,56,Motel ON,"""..turn out quite pleasant.""",Motel (William Desharnais),,"Motel (William Desharnais), Chava (Lindsey Murch), Fyedka (Luke Crory)",,,
83,57.1,1, 9,57,"Motel, Chava, Fyedka OFF","""Good day, Fyedka.""",,"Motel (William Desharnais), Chava (Lindsey Murch), Fyedka (Luke Crory)",,,,
84,57.2,1, 9,57,"Golde, Tevye ON","Sunrise, Sunset starts","Tevye (Patrick McCarty), Golde (Karin Harvey-Olsen)",,"Tevye (Patrick McCarty), Golde (Karin Harvey-Olsen)",,,
85,58.2,1, 9,58,Hanging mics ON,"""...when they were small?""",Hanging Mics (Hanging Mics),,"Tevye (Patrick McCarty), Golde (Karin Harvey-Olsen), Hanging Mics (Hanging Mics)",,,
86,58.5,1, 9,58,"Hodel, Perchik ON","""from one another, day by day""","Hodel (Katie Giannokopoulos), Perchik (Duncan McGrath)",,"Tevye (Patrick McCarty), Hodel (Katie Giannokopoulos), Golde (Karin Harvey-Olsen), Perchik (Duncan McGrath), Hanging Mics (Hanging Mics)",,,
87,58.8,1, 9,58,All but hang mics off,"""a canopy in store for me?""",,"Tevye (Patrick McCarty), Hodel (Katie Giannokopoulos), Golde (Karin Harvey-Olsen), Perchik (Duncan McGrath)",Hanging Mics (Hanging Mics),,,
88,59.1,1,10,59,"Inn, Rab, Gol ON",MAZELTOV!,"Golde (Karin Harvey-Olsen), Innkeeper (Steve Kelley), Rabbi (Russell Arrowsmith)",,"Golde (Karin Harvey-Olsen), Innkeeper (Steve Kelley), Hanging Mics (Hanging Mics), Rabbi (Russell Arrowsmith)",,,
89,60.1,1,10,60,"Tev, Laz, Mend ON","""Come, Lazar Wolf.""","Tevye (Patrick McCarty), Mendel (Gabe Garcia), Lazar Wolf (Jim O'Mara)",,"Tevye (Patrick McCarty), Golde (Karin Harvey-Olsen), Mendel (Gabe Garcia), Lazar Wolf (Jim O'Mara), Innkeeper (Steve Kelley), Hanging Mics (Hanging Mics), Rabbi (Russell Arrowsmith)",,,
90,61.4,1,10,61,"Yente, Shaindel ON",,"Yente (Lucy Spencer), Shaindel (Karen Hammes)",,"Tevye (Patrick McCarty), Golde (Karin Harvey-Olsen), Mendel (Gabe Garcia), Lazar Wolf (Jim O'Mara), Innkeeper (Steve Kelley), Hanging Mics (Hanging Mics), Yente (Lucy Spencer), Rabbi (Russell Arrowsmith), Shaindel (Karen Hammes)",,,
91,62.8,1,10,62,"Perchik, Avram, Hodel ON",Perchik stands on chair,"Hodel (Katie Giannokopoulos), Perchik (Duncan McGrath), Avram (Mel Bucklin)",Hanging Mics (Hanging Mics),"Tevye (Patrick McCarty), Hodel (Katie Giannokopoulos), Golde (Karin Harvey-Olsen), Mendel (Gabe Garcia), Perchik (Duncan McGrath), Lazar Wolf (Jim O'Mara), Innkeeper (Steve Kelley), Avram (Mel Bucklin), Yente (Lucy Spencer), Rabbi (Russell Arrowsmith), Shaindel (Karen Hammes)",,,
92,64.11,1,10,64,All but Shaindel OFF,"""dance with my wife, Golde.""",,"Tevye (Patrick McCarty), Hodel (Katie Giannokopoulos), Golde (Karin Harvey-Olsen), Mendel (Gabe Garcia), Perchik (Duncan McGrath), Lazar Wolf (Jim O'Mara), Innkeeper (Steve Kelley), Avram (Mel Bucklin), Yente (Lucy Spencer), Rabbi (Russell Arrowsmith)",Shaindel (Karen Hammes),,,
93,64.12,1,10,64,Shaindel OFF,"""Motel!""",,Shaindel (Karen Hammes),,,,
94,64.13,1,10,64,"Constable, Hodel ON",Constable enters,"Hodel (Katie Giannokopoulos), Constable (Jon Noble)",,"Hodel (Katie Giannokopoulos), Constable (Jon Noble)",,,
95,65.3,1,10,65,"Tevye ON, Hodel OFF","""You understand.""",Tevye (Patrick McCarty),Hodel (Katie Giannokopoulos),"Tevye (Patrick McCarty), Constable (Jon Noble)",,,
96,65.5,1,10,65,"Constable OFF, Golde ON",Constable's exit,Golde (Karin Harvey-Olsen),Constable (Jon Noble),"Tevye (Patrick McCarty), Golde (Karin Harvey-Olsen)",,,
97,65.7,1,10,65,"Tev, Golde OFF","""Clean up. Clean up.""",,"Tevye (Patrick McCarty), Golde (Karin Harvey-Olsen)",,,,
98,67.1,2, 1,67,Tevye ON,A2 Prologue lights up,Tevye (Patrick McCarty),,Tevye (Patrick McCarty),,,
99,67.2,2, 1,67,"Tevye OFF, Hodel, Perchik ON",Tevye's Exit,"Hodel (Katie Giannokopoulos), Perchik (Duncan McGrath)",Tevye (Patrick McCarty),"Hodel (Katie Giannokopoulos), Perchik (Duncan McGrath)",,,
100,70.11,2, 1,70,Tevye ON,Tevye's entrance,Tevye (Patrick McCarty),,"Tevye (Patrick McCarty), Hodel (Katie Giannokopoulos), Perchik (Duncan McGrath)",,,
101,73.7,2, 1,73,"Perchik, Hodel OFF, Golde ON","""I can handle my own wife.""",Golde (Karin Harvey-Olsen),"Hodel (Katie Giannokopoulos), Perchik (Duncan McGrath)","Tevye (Patrick McCarty), Golde (Karin Harvey-Olsen)",,,
102,76.5,2, 2,76,"Golde, Tevye OFF","End of ""Do You Love Me""",,"Tevye (Patrick McCarty), Golde (Karin Harvey-Olsen)",,,,
103,76.6,2, 2,76,"Kerri, Yente, Tzeitel ON",A2 S2 Lights up,"Tzeitel (Lauren Busa), Yente (Lucy Spencer), Kerri (Kerri Goolsby)",,"Tzeitel (Lauren Busa), Yente (Lucy Spencer), Kerri (Kerri Goolsby)",,,
104,77.3,2, 2,77,"Kerri, Tzeitel OFF","""It happened to be open...""",,"Tzeitel (Lauren Busa), Kerri (Kerri Goolsby)",Yente (Lucy Spencer),,,
105,77.5,2, 2,77,"Yente OFF, Group 2 (TBD) ON","Yente: ""Yes!"" (lyric, Rumor)",,Yente (Lucy Spencer),,,,
106,78.3,2, 2,78,"Group 2 (TBD) OFF, Mendel ON","""In Kiev!"" (lyric, the Rumor)",Mendel (Gabe Garcia),,Mendel (Gabe Garcia),,,
107,78.8,2, 2,78,"Mendel OFF, Yente, Avram ON","""She didn't!"" ""She did!""","Avram (Mel Bucklin), Yente (Lucy Spencer)",Mendel (Gabe Garcia),"Avram (Mel Bucklin), Yente (Lucy Spencer)",,,
108,79.2,2, 3,79,"Yente, Avram OFF",End of The Rumor,,"Avram (Mel Bucklin), Yente (Lucy Spencer)",,,,
109,79.3,2, 3,79,"Hodel, Tevye ON",A2 S3 Lights up,"Tevye (Patrick McCarty), Hodel (Katie Giannokopoulos)",,"Tevye (Patrick McCarty), Hodel (Katie Giannokopoulos)",,,
110,81.5,2, 4,81,"Hodel, Tevye OFF",Tevye exits end of scene,,"Tevye (Patrick McCarty), Hodel (Katie Giannokopoulos)",,,,
111,81.6,2, 4,81,"Av, Inn, Rab, Mend, Lib ON",A2 S4 Lights up,"Mendel (Gabe Garcia), Innkeeper (Steve Kelley), Avram (Mel Bucklin), Rabbi (Russell Arrowsmith), Libby (Libby St. Jean)",,"Mendel (Gabe Garcia), Innkeeper (Steve Kelley), Avram (Mel Bucklin), Rabbi (Russell Arrowsmith), Libby (Libby St. Jean)",,,
112,82.2,2, 5,82,Shaindel ON,"""Where are you running?""",Shaindel (Karen Hammes),,"Mendel (Gabe Garcia), Innkeeper (Steve Kelley), Avram (Mel Bucklin), Rabbi (Russell Arrowsmith), Libby (Libby St. Jean), Shaindel (Karen Hammes)",,,
113,82.4,2, 5,82,"Men, Inn, Av, Rab, Lib, Sh OFF","End of scene 4 (""Mazeltov""s)",,"Mendel (Gabe Garcia), Innkeeper (Steve Kelley), Avram (Mel Bucklin), Rabbi (Russell Arrowsmith), Libby (Libby St. Jean), Shaindel (Karen Hammes)",,,,
114,82.5,2, 5,82,"Motel, Avram, Tzeitel, Inn ON",A2 S5 Lights up,"Tzeitel (Lauren Busa), Motel (William Desharnais), Innkeeper (Steve Kelley), Avram (Mel Bucklin)",,"Tzeitel (Lauren Busa), Motel (William Desharnais), Innkeeper (Steve Kelley), Avram (Mel Bucklin)",,,
115,83.5,2, 5,83,Rabbi ON,"""The Rabbi, the Rabbi!""",Rabbi (Russell Arrowsmith),,"Tzeitel (Lauren Busa), Motel (William Desharnais), Innkeeper (Steve Kelley), Avram (Mel Bucklin), Rabbi (Russell Arrowsmith)",,,
116,83.10,2, 5,83,"Av, Rab, Inn OFF Golde ON",Ensemble exits,Golde (Karin Harvey-Olsen),"Innkeeper (Steve Kelley), Avram (Mel Bucklin), Rabbi (Russell Arrowsmith)","Tzeitel (Lauren Busa), Golde (Karin Harvey-Olsen), Motel (William Desharnais)",,,
117,83.12,2, 5,83,Fyedka ON,"""He's wonderful, Mama.""",Fyedka (Luke Crory),,"Tzeitel (Lauren Busa), Golde (Karin Harvey-Olsen), Motel (William Desharnais), Fyedka (Luke Crory)",,,
118,84.7,2, 5,84,Fyedka OFF,"""Good day."" Fyedka exits",,Fyedka (Luke Crory),"Tzeitel (Lauren Busa), Golde (Karin Harvey-Olsen), Motel (William Desharnais)",,,
119,84.10,2, 5,84,"Mot, Gol, Tz OFF Fyed, Ch ON","""..with your hand.""","Chava (Lindsey Murch), Fyedka (Luke Crory)","Tzeitel (Lauren Busa), Golde (Karin Harvey-Olsen), Motel (William Desharnais)","Chava (Lindsey Murch), Fyedka (Luke Crory)",,,
120,85.1,2, 5,85,Tevye ON,Tevye's entrance,Tevye (Patrick McCarty),,"Tevye (Patrick McCarty), Chava (Lindsey Murch), Fyedka (Luke Crory)",,,
121,85.3,2, 5,85,Fyedka OFF,"Fyedka: ""Good day.""",,Fyedka (Luke Crory),"Tevye (Patrick McCarty), Chava (Lindsey Murch)",,,
122,86.6,2, 5,86,"Chava OFF, Golde ON","""Yes Papa, I understand you.""",Golde (Karin Harvey-Olsen),Chava (Lindsey Murch),"Tevye (Patrick McCarty), Golde (Karin Harvey-Olsen)",,,
123,86.12,2, 5,86,"Tevye, Golde OFF","""Now let's go home!""",,"Tevye (Patrick McCarty), Golde (Karin Harvey-Olsen)",,,,
124,87.1,2, 6,87,Tevye ON,A2 S6 Lights up,Tevye (Patrick McCarty),,Tevye (Patrick McCarty),,,
125,87.1A,2, 6,87,Golde ON,Golde enters,Golde (Karin Harvey-Olsen),,"Tevye (Patrick McCarty), Golde (Karin Harvey-Olsen)",,,
126,87.9,2, 6,87,Golde OFF,"""We will forget her. Go home.""",,Golde (Karin Harvey-Olsen),Tevye (Patrick McCarty),,,
127,88.1,2, 6,88,Chava ON,End of Tevye's singing,Chava (Lindsey Murch),,"Tevye (Patrick McCarty), Chava (Lindsey Murch)",,,
128,88.4,2, 6,88,"Tevye, Chava OFF","Ensemble sings ""Tradition""",,"Tevye (Patrick McCarty), Chava (Lindsey Murch)",,,,
129,89.1,2, 7,89,"Yente, Golde ON",A2 S7 Lights up,"Golde (Karin Harvey-Olsen), Yente (Lucy Spencer)",,"Golde (Karin Harvey-Olsen), Yente (Lucy Spencer)",,,
130,89.5,2, 7,89,"Av, Laz, Mend, Inn ON","""...take your pick.""","Mendel (Gabe Garcia), Lazar Wolf (Jim O'Mara), Innkeeper (Steve Kelley), Avram (Mel Bucklin)",,"Golde (Karin Harvey-Olsen), Mendel (Gabe Garcia), Lazar Wolf (Jim O'Mara), Innkeeper (Steve Kelley), Avram (Mel Bucklin), Yente (Lucy Spencer)",,,
131,89.10,2, 7,89,Tevye ON,Tevye's entrance,Tevye (Patrick McCarty),,"Tevye (Patrick McCarty), Golde (Karin Harvey-Olsen), Mendel (Gabe Garcia), Lazar Wolf (Jim O'Mara), Innkeeper (Steve Kelley), Avram (Mel Bucklin), Yente (Lucy Spencer)",,,
132,90.4,2, 7,90,Constable ON,Constable enters,Constable (Jon Noble),,"Tevye (Patrick McCarty), Golde (Karin Harvey-Olsen), Mendel (Gabe Garcia), Lazar Wolf (Jim O'Mara), Innkeeper (Steve Kelley), Avram (Mel Bucklin), Yente (Lucy Spencer), Constable (Jon Noble)",,,
133,92.2,2, 7,92,"Constable OFF, Robyn, Beg ON",Constable exits,"Reb Nachum (Rich Sparks), Robyn (Robyn Holley)",Constable (Jon Noble),"Tevye (Patrick McCarty), Golde (Karin Harvey-Olsen), Mendel (Gabe Garcia), Lazar Wolf (Jim O'Mara), Innkeeper (Steve Kelley), Avram (Mel Bucklin), Yente (Lucy Spencer), Reb Nachum (Rich Sparks), Robyn (Robyn Holley)",,,
134,93.1,2, 7,93,"Inn, Beg, Robyn OFF","Start of ""Anatevka""",,"Innkeeper (Steve Kelley), Reb Nachum (Rich Sparks), Robyn (Robyn Holley)","Tevye (Patrick McCarty), Golde (Karin Harvey-Olsen), Mendel (Gabe Garcia), Lazar Wolf (Jim O'Mara), Avram (Mel Bucklin), Yente (Lucy Spencer)",,,
135,94.1,2, 7,94,All OFF,"""A piece of cloth.""",,"Tevye (Patrick McCarty), Golde (Karin Harvey-Olsen), Mendel (Gabe Garcia), Lazar Wolf (Jim O'Mara), Avram (Mel Bucklin), Yente (Lucy Spencer)",,,,
136,94.1A,2, 7,94,"Golde, Mendel, Tevye ON",end of song,"Tevye (Patrick McCarty), Golde (Karin Harvey-Olsen), Mendel (Gabe Garcia)",,"Tevye (Patrick McCarty), Golde (Karin Harvey-Olsen), Mendel (Gabe Garcia)",,,
137,94.4,2, 7,94,"Golde, Mendel, Tevye OFF","""always wear our hats...""",,"Tevye (Patrick McCarty), Golde (Karin Harvey-Olsen), Mendel (Gabe Garcia)",,,,
138,94.5,2, 7,94,"Shprintze, Motel, Tzeitel ON",A2 S8 Lights up,"Tzeitel (Lauren Busa), Motel (William Desharnais), Shprintze (Hadley Harris)",,"Tzeitel (Lauren Busa), Motel (William Desharnais), Shprintze (Hadley Harris)",,,
139,95.1,2, 8,95,Golde ON,"""enough money to join you.""",Golde (Karin Harvey-Olsen),,"Tzeitel (Lauren Busa), Golde (Karin Harvey-Olsen), Motel (William Desharnais), Shprintze (Hadley Harris)",,,
140,95.3,2, 8,95,"Shpr, Mot, Tz OFF Yente ON","""pack the rest of the clothes""",Yente (Lucy Spencer),"Tzeitel (Lauren Busa), Motel (William Desharnais), Shprintze (Hadley Harris)","Golde (Karin Harvey-Olsen), Yente (Lucy Spencer)",,,
141,95.8,2, 8,95,"Yente OFF, Tevye ON",Yente exits,Tevye (Patrick McCarty),Yente (Lucy Spencer),"Tevye (Patrick McCarty), Golde (Karin Harvey-Olsen)",,,
142,96.10,2, 8,96,"Golde OFF, Lazar ON","""leave a dirty house.""",Lazar Wolf (Jim O'Mara),Golde (Karin Harvey-Olsen),"Tevye (Patrick McCarty), Lazar Wolf (Jim O'Mara)",,,
143,97.3,2, 8,97,"Lazar OFF, Tzeitel ON","""Goodbye, Tevye.""",Tzeitel (Lauren Busa),Lazar Wolf (Jim O'Mara),"Tevye (Patrick McCarty), Tzeitel (Lauren Busa)",,,
144,97.5A,2, 8,97,Tevye OFF,"""Almost, Papa.""",,Tevye (Patrick McCarty),Tzeitel (Lauren Busa),,,
145,97.5B,2, 8,97,Chava ON,Chava and Fyedka enter,Chava (Lindsey Murch),,"Tzeitel (Lauren Busa), Chava (Lindsey Murch)",,,
146,97.9,2, 8,97,Golde ON,"""I told Mama that...""",Golde (Karin Harvey-Olsen),,"Tzeitel (Lauren Busa), Golde (Karin Harvey-Olsen), Chava (Lindsey Murch)",,,
147,98.1,2, 8,98,"Fyedka, Tevye ON","""We are going to Cracow.""","Tevye (Patrick McCarty), Fyedka (Luke Crory)",,"Tevye (Patrick McCarty), Tzeitel (Lauren Busa), Golde (Karin Harvey-Olsen), Chava (Lindsey Murch), Fyedka (Luke Crory)",,,
148,98.10,2, 8,98,"Chava, Fyedka OFF",Chava's exit,,"Chava (Lindsey Murch), Fyedka (Luke Crory)","Tevye (Patrick McCarty), Tzeitel (Lauren Busa), Golde (Karin Harvey-Olsen)",,,
149,98.12,2, 8,98,"Motel, Shprintze, Bielke ON","""We have a train to catch.""","Motel (William Desharnais), Bielke (Emma Melanson), Shprintze (Hadley Harris)",,"Tevye (Patrick McCarty), Tzeitel (Lauren Busa), Golde (Karin Harvey-Olsen), Motel (William Desharnais), Bielke (Emma Melanson), Shprintze (Hadley Harris)",,,
150,99.12,2, 8,99,All OFF,"""Come children..let's go.""",,"Tevye (Patrick McCarty), Tzeitel (Lauren Busa), Golde (Karin Harvey-Olsen), Motel (William Desharnais), Bielke (Emma Melanson), Shprintze (Hadley Harris)",,,,
